Country, Area, Birth rate,  Current account balance , Death rate, Electricity consumption,  Electricity production ,  Exports ,  GDP ,  GDP per capita , GDP real growth rate,  Highways ,  Imports , Industrial production growth rate, Infant mortality rate, Inflation rate ,  Internet users , Investment,  Labor force , Life expectancy at birth, Military expenditures,  Natural gas consumption ,  Oil consumption ,  Population , Public debt, Railways,  Reserves of foreign exchange & gold , Total fertility rate, Unemployment rate
Japan,"377,835",9.47," $170,200,000,000.00 ",8.95,"971,000,000,000"," 1,044,000,000,000.00 "," $538,800,000,000.00 "," $3,745,000,000,000.00 "," $29,400.00 ",2.9," 1,171,647 "," $401,800,000,000.00 ",6.6,3.26,-0.1," 57,200,000.00 ",24," 66,970,000 ",81.15,1," 80,420,000,000.00 "," 5,290,000 "," 127,417,244 ",164.3,23705," 664,600,000,000.00 ",1.39,4.7
Germany,"357,021",8.33," $73,590,000,000.00 ",10.55,"519,500,000,000"," 560,000,000,000.00 "," $893,300,000,000.00 "," $2,362,000,000,000.00 "," $28,700.00 ",1.7," 230,735 "," $716,700,000,000.00 ",2.2,4.16,1.6," 39,000,000.00 ",17.6," 42,630,000 ",78.65,1.5," 99,550,000,000.00 "," 2,891,000 "," 82,431,390 ",65.8,46039," 96,840,000,000.00 ",1.39,10.6
Saudi Arabia,"1,960,582",29.56," $51,500,000,000.00 ",2.62,"128,500,000,000"," 138,200,000,000.00 "," $113,000,000,000.00 "," $310,200,000,000.00 "," $12,000.00 ",5," 152,044 "," $36,210,000,000.00 ",2.8,13.24,0.8," 1,500,000.00 ",17.2," 6,620,000 ",75.46,10," 56,400,000,000.00 "," 1,550,000 "," 26,417,599 ",75,1392," 23,620,000,000.00 ",4.05,25
Russia,"17,075,200",9.8," $46,040,000,000.00 ",14.52,"894,300,000,000"," 915,000,000,000.00 "," $162,500,000,000.00 "," $1,408,000,000,000.00 "," $9,800.00 ",6.7," 537,289 "," $92,910,000,000.00 ",6.4,15.39,11.5," 6,000,000.00 ",19.1," 71,830,000 ",67.1, ," 405,800,000,000.00 "," 2,310,000 "," 143,420,309 ",28.2,87157," 124,500,000,000.00 ",1.27,8.3
Switzerland,"41,290",9.77," $40,950,000,000.00 ",8.48,"54,530,000,000"," 63,470,000,000.00 "," $130,700,000,000.00 "," $251,900,000,000.00 "," $33,800.00 ",1.8," 71,212 "," $121,100,000,000.00 ",4.7,4.39,0.9," 2,556,000.00 ",20.4," 3,770,000 ",80.39,1," 3,093,000,000.00 "," 290,400 "," 7,489,370 ",57.2,4533," 69,580,000,000.00 ",1.42,3.4
Norway,"324,220",11.67," $30,520,000,000.00 ",9.45,"107,400,000,000"," 125,900,000,000.00 "," $76,640,000,000.00 "," $183,000,000,000.00 "," $40,000.00 ",3.3," 91,852 "," $45,960,000,000.00 ",5.2,3.7,1," 2,288,000.00 ",17.5," 2,380,000 ",79.4,1.9," 4,100,000,000.00 "," 171,100 "," 4,593,041 ",33.1,4077,   ,1.78,4.3
China,"9,596,960",13.14," $30,320,000,000.00 ",6.94,"1,630,000,000,000"," 1,910,000,000,000.00 "," $583,100,000,000.00 "," $7,262,000,000,000.00 "," $5,600.00 ",9.1," 1,765,222 "," $552,400,000,000.00 ",17.1,24.18,4.1," 94,000,000.00 ",46," 760,800,000 ",72.27,4.3," 29,180,000,000.00 "," 4,956,000 "," 1,306,313,812 ",31.4,70058," 609,900,000,000.00 ",1.72,9.8
Canada,"9,984,670",10.84," $28,200,000,000.00 ",7.73,"487,300,000,000"," 548,900,000,000.00 "," $315,600,000,000.00 "," $1,023,000,000,000.00 "," $31,500.00 ",2.4," 1,408,800 "," $256,100,000,000.00 ",2,4.75,1.9," 16,110,000.00 ",19.4," 17,370,000 ",80.1,1.1," 55,800,000,000.00 "," 2,200,000 "," 32,805,041 ", ,48909," 36,270,000,000.00 ",1.61,7
Korea South,"98,480",10.08," $26,780,000,000.00 ",6.26,"293,600,000,000"," 322,500,000,000.00 "," $250,600,000,000.00 "," $925,100,000,000.00 "," $19,200.00 ",4.6," 86,990 "," $214,200,000,000.00 ",10.1,7.05,3.6," 29,220,000.00 ",28.7," 22,900,000 ",75.82,2.8," 20,920,000,000.00 "," 2,070,000 "," 48,422,644 ",21.3,3125," 199,100,000,000.00 ",1.26,3.6
Sweden,"449,964",10.36," $24,080,000,000.00 ",10.36,"138,100,000,000"," 142,800,000,000.00 "," $121,700,000,000.00 "," $255,400,000,000.00 "," $28,400.00 ",3.6," 213,237 "," $97,970,000,000.00 ",5.5,2.77,0.7," 5,125,000.00 ",15.8," 4,460,000 ",80.4,1.7," 949,000,000.00 "," 328,600 "," 9,001,774 ",51.6,11481," 19,990,000,000.00 ",1.66,5.6
Taiwan,"35,980",12.64," $21,160,000,000.00 ",6.38,"147,400,000,000"," 158,500,000,000.00 "," $170,500,000,000.00 "," $576,200,000,000.00 "," $25,300.00 ",6," 37,299 "," $165,400,000,000.00 ",12.2,6.4,1.7," 13,800,000.00 ",18," 10,220,000 ",77.26,2.6," 6,640,000,000.00 "," 988,000 "," 22,894,384 ",32.4,2508," 246,500,000,000.00 ",1.57,4.5
Netherlands,"41,526",11.14," $19,900,000,000.00 ",8.68,"100,700,000,000"," 90,610,000,000.00 "," $293,100,000,000.00 "," $481,100,000,000.00 "," $29,500.00 ",1.2," 116,500 "," $252,700,000,000.00 ",0.8,5.04,1.4," 8,500,000.00 ",19.9," 7,530,000 ",78.81,1.6," 49,720,000,000.00 "," 895,300 "," 16,407,491 ",55.8,2808," 21,440,000,000.00 ",1.66,6
Hong Kong,"1,092",7.23," $14,850,000,000.00 ",5.98,"38,450,000,000"," 35,510,000,000.00 "," $268,100,000,000.00 "," $234,500,000,000.00 "," $34,200.00 ",7.9," 1,831 "," $275,900,000,000.00 ",1,2.97,-0.3," 3,212,800.00 ",22.7," 3,540,000 ",81.39, ," 680,900,000.00 "," 257,000 "," 6,898,686 ",2.1, ," 123,600,000,000.00 ",0.91,6.7
Venezuela,"912,050",18.91," $14,590,000,000.00 ",4.9,"89,300,000,000"," 89,700,000,000.00 "," $35,840,000,000.00 "," $145,200,000,000.00 "," $5,800.00 ",16.8," 96,155 "," $14,980,000,000.00 ",12.3,22.2,22.4," 1,274,400.00 ",12.9," 12,250,000 ",74.31,1.5," 29,400,000,000.00 "," 500,000 "," 25,375,281 ",43.1,682," 25,750,000,000.00 ",2.26,17.1
Kuwait,"17,820",21.88," $12,040,000,000.00 ",2.42,"30,160,000,000"," 32,430,000,000.00 "," $27,420,000,000.00 "," $48,000,000,000.00 "," $21,300.00 ",6.8," 4,450 "," $11,120,000,000.00 ",-5,9.95,2.3," 567,000.00 ",8," 1,420,000 ",77.03,5.3," 8,700,000,000.00 "," 293,000 "," 2,335,648 ",29.6, ," 7,333,000,000.00 ",2.97,2.2
Algeria,"2,381,740",17.13," $11,900,000,000.00 ",4.6,"23,610,000,000"," 25,760,000,000.00 "," $32,160,000,000.00 "," $212,300,000,000.00 "," $6,600.00 ",6.1," 104,000 "," $15,250,000,000.00 ",6,31,3.1," 500,000.00 ",26.2," 9,910,000 ",73,3.2," 22,320,000,000.00 "," 209,000 "," 32,531,853 ",37.4,3973," 43,550,000,000.00 ",1.92,25.4
Malaysia,"329,750",23.07," $11,810,000,000.00 ",5.06,"68,400,000,000"," 75,330,000,000.00 "," $123,500,000,000.00 "," $229,300,000,000.00 "," $9,700.00 ",7.1," 65,877 "," $99,300,000,000.00 ",10.2,17.7,1.3," 8,692,100.00 ",21.7," 10,490,000 ",72.24,2.03," 31,250,000,000.00 "," 460,000 "," 23,953,136 ",45.4,2418," 55,270,000,000.00 ",3.07,3
Belgium,"30,528",10.48," $11,400,000,000.00 ",10.22,"78,820,000,000"," 76,580,000,000.00 "," $255,700,000,000.00 "," $316,200,000,000.00 "," $30,600.00 ",2.6," 149,028 "," $235,000,000,000.00 ",3.5,4.68,1.9," 3,400,000.00 ",19.1," 4,750,000 ",78.62,1.3," 15,500,000,000.00 "," 595,100 "," 10,364,388 ",96.2,3518," 14,450,000,000.00 ",1.64,12
Finland,"338,145",10.5," $11,390,000,000.00 ",9.79,"78,580,000,000"," 71,590,000,000.00 "," $61,040,000,000.00 "," $151,200,000,000.00 "," $29,000.00 ",3," 78,197 "," $45,170,000,000.00 ",2,3.57,0.7," 2,650,000.00 ",18.3," 2,660,000 ",78.35,2," 4,557,000,000.00 "," 211,400 "," 5,223,442 ",46.8,5851," 11,170,000,000.00 ",1.73,8.9
Libya,"1,759,540",26.82," $9,895,000,000.00 ",3.48,"19,430,000,000"," 20,890,000,000.00 "," $18,650,000,000.00 "," $37,480,000,000.00 "," $6,700.00 ",4.9," 83,200 "," $7,224,000,000.00 ", ,24.6,2.9," 160,000.00 ",9.9," 1,590,000 ",76.5,3.9," 5,410,000,000.00 "," 216,000 "," 5,765,563 ",8.8, ," 24,180,000,000.00 ",3.34,30
Singapore,693,9.49," $8,800,000,000.00 ",4.16,"32,000,000,000"," 35,330,000,000.00 "," $174,000,000,000.00 "," $120,900,000,000.00 "," $27,800.00 ",8.1," 3,130 "," $155,200,000,000.00 ",11.1,2.29,1.7," 2,310,000.00 ",27.4," 2,180,000 ",81.62,4.9," 2,500,000,000.00 "," 700,000 "," 4,425,720 ",102.5, ," 112,800,000,000.00 ",1.05,3.4
Brazil,"8,511,965",16.83," $8,000,000,000.00 ",6.15,"351,900,000,000"," 339,000,000,000.00 "," $95,000,000,000.00 "," $1,492,000,000,000.00 "," $8,100.00 ",5.1," 1,724,929 "," $61,000,000,000.00 ",6,29.61,7.6," 14,300,000.00 ",19.8," 89,000,000 ",71.69,1.8," 9,590,000,000.00 "," 2,199,000 "," 186,112,794 ",52,29412," 52,940,000,000.00 ",1.93,11.5
Indonesia,"1,919,440",20.71," $7,338,000,000.00 ",6.25,"92,350,000,000"," 110,200,000,000.00 "," $69,860,000,000.00 "," $827,400,000,000.00 "," $3,500.00 ",4.9," 342,700 "," $45,070,000,000.00 ",10.5,35.6,6.1," 8,000,000.00 ",16.6," 111,500,000 ",69.57,3," 55,300,000,000.00 "," 1,183,000 "," 241,973,879 ",56.2,6458," 35,820,000,000.00 ",2.44,9.2
Thailand,"514,000",15.7," $6,736,000,000.00 ",7.02,"106,100,000,000"," 118,900,000,000.00 "," $87,910,000,000.00 "," $524,800,000,000.00 "," $8,100.00 ",6.1," 57,403 "," $80,840,000,000.00 ",8.5,20.48,2.8," 6,971,500.00 ",22.5," 36,430,000 ",71.57,1.8," 23,930,000,000.00 "," 785,000 "," 65,444,371 ",47.6,4071," 48,300,000,000.00 ",1.88,1.5
Denmark,"43,094",11.36," $6,529,000,000.00 ",10.43,"31,630,000,000"," 36,380,000,000.00 "," $73,060,000,000.00 "," $174,400,000,000.00 "," $32,200.00 ",2.1," 71,847 "," $63,450,000,000.00 ",1.7,4.56,1.4," 2,756,000.00 ",19.8," 2,870,000 ",77.62,1.5," 5,280,000,000.00 "," 218,000 "," 5,432,335 ",42.5,3002," 37,980,000,000.00 ",1.74,6.2
United Arab Emirates,"82,880",18.78," $6,300,000,000.00 ",4.26,"36,510,000,000"," 45,120,000,000.00 "," $69,480,000,000.00 "," $63,670,000,000.00 "," $25,200.00 ",5.7," 1,088 "," $45,660,000,000.00 ",4,14.51,3.2," 1,110,200.00 ",20.8," 2,360,000 ",75.24,3.1," 33,700,000,000.00 "," 310,000 "," 2,563,212 ",17.6, ," 18,640,000,000.00 ",2.94,2.4
Argentina,"2,766,890",16.9," $5,473,000,000.00 ",7.56,"81,650,000,000"," 81,390,000,000.00 "," $33,780,000,000.00 "," $483,500,000,000.00 "," $12,400.00 ",8.3," 215,471 "," $22,060,000,000.00 ",12,15.18,6.1," 4,100,000.00 ",18.3," 15,040,000 ",75.91,1.3," 31,100,000,000.00 "," 486,000 "," 39,537,943 ",118,34091," 19,470,000,000.00 ",2.19,14.8
Nigeria,"923,768",40.65," $5,228,000,000.00 ",17.18,"18,430,000,000"," 19,850,000,000.00 "," $33,990,000,000.00 "," $125,700,000,000.00 "," $1,000.00 ",6.2," 194,394 "," $17,140,000,000.00 ",1.8,98.8,16.5," 750,000.00 ",18," 55,670,000 ",46.74,0.8," 7,850,000,000.00 "," 275,000 "," 128,771,988 ",20,3557," 14,710,000,000.00 ",5.53, 
Qatar,"11,437",15.54," $5,187,000,000.00 ",4.61,"9,046,000,000"," 9,727,000,000.00 "," $15,000,000,000.00 "," $19,490,000,000.00 "," $23,200.00 ",8.7," 1,230 "," $6,150,000,000.00 ",10,18.61,3," 126,000.00 ",22.9," 140,000 ",73.67,10," 15,860,000,000.00 "," 30,000 "," 863,051 ", , ," 3,351,000,000.00 ",2.87,2.7
India,"3,287,590",22.32," $4,897,000,000.00 ",8.28,"510,100,000,000"," 547,200,000,000.00 "," $69,180,000,000.00 "," $3,319,000,000,000.00 "," $3,100.00 ",6.2," 2,525,989 "," $89,330,000,000.00 ",7.4,56.29,4.2," 18,481,000.00 ",23.8," 482,200,000 ",64.35,2.5," 22,750,000,000.00 "," 2,130,000 "," 1,080,264,388 ",59.7,63140," 126,000,000,000.00 ",2.78,9.2
Ukraine,"603,700",10.49," $4,584,000,000.00 ",16.42,"132,000,000,000"," 180,000,000,000.00 "," $32,910,000,000.00 "," $299,100,000,000.00 "," $6,300.00 ",12," 169,679 "," $31,450,000,000.00 ",16.5,20.34,12," 3,800,000.00 ",18.8," 21,110,000 ",66.85,1.4," 79,860,000,000.00 "," 303,000 "," 47,425,336 ",24.7,22473," 11,330,000,000.00 ",1.4,3.5
Philippines,"300,000",25.31," $3,600,000,000.00 ",5.47,"46,050,000,000"," 52,860,000,000.00 "," $38,630,000,000.00 "," $430,600,000,000.00 "," $5,000.00 ",5.9," 202,124 "," $37,500,000,000.00 ",5,23.51,5.5," 3,500,000.00 ",17," 35,860,000 ",69.91,1," 25,000,000.00 "," 338,000 "," 87,857,473 ",74.2,897," 16,050,000,000.00 ",3.16,11.7
Oman,"212,460",36.73," $2,674,000,000.00 ",3.86,"9,792,000,000"," 9,896,000,000.00 "," $13,140,000,000.00 "," $38,090,000,000.00 "," $13,100.00 ",1.2," 34,965 "," $6,373,000,000.00 ",-1.2,19.51,0.2," 180,000.00 ",13.5," 920,000 ",73.13,11.4," 6,340,000,000.00 "," 54,000 "," 3,001,583 ",10.3, ," 4,144,000,000.00 ",5.84,15
Chile,"756,950",15.44," $2,185,000,000.00 ",5.76,"41,800,000,000"," 48,600,000,000.00 "," $29,200,000,000.00 "," $169,100,000,000.00 "," $10,700.00 ",5.8," 79,605 "," $22,530,000,000.00 ",7.8,8.8,2.4," 3,575,000.00 ",23.9," 6,200,000 ",76.58,3.8," 6,517,000,000.00 "," 240,000 "," 15,980,912 ",12.8,6585," 16,020,000,000.00 ",2.02,8.5
Egypt,"1,001,450",23.32," $2,113,000,000.00 ",5.26,"75,580,000,000"," 81,270,000,000.00 "," $11,000,000,000.00 "," $316,300,000,000.00 "," $4,200.00 ",4.5," 64,000 "," $19,210,000,000.00 ",2.5,32.59,9.5," 2,700,000.00 ",15.8," 20,710,000 ",71,3.4," 21,200,000,000.00 "," 562,000 "," 77,505,756 ",102.7,5063," 14,030,000,000.00 ",2.88,10.9
Iran,"1,648,000",16.83," $2,100,000,000.00 ",5.55,"119,900,000,000"," 129,000,000,000.00 "," $38,790,000,000.00 "," $516,700,000,000.00 "," $7,700.00 ",6.3," 167,157 "," $31,300,000,000.00 ",3.5,41.58,15.5," 4,300,000.00 ",31.3," 23,000,000 ",69.96,3.3," 72,400,000,000.00 "," 1,400,000 "," 68,017,860 ",27,7203," 29,870,000,000.00 ",1.82,11.2
Trinidad and Tobago,"5,128",12.81," $1,548,000,000.00 ",9.37,"5,341,000,000"," 5,743,000,000.00 "," $6,671,000,000.00 "," $11,480,000,000.00 "," $10,500.00 ",5.7," 8,320 "," $4,650,000,000.00 ",7.2,24.31,3.3," 138,000.00 ",19.4," 590,000 ",68.91,0.6," 13,760,000,000.00 "," 24,000 "," 1,088,644 ",54.4, ," 2,927,000,000.00 ",1.75,10.4
Pakistan,"803,940",30.42," $1,400,000,000.00 ",8.45,"52,660,000,000"," 75,270,000,000.00 "," $15,070,000,000.00 "," $347,300,000,000.00 "," $2,200.00 ",6.1," 257,683 "," $14,010,000,000.00 ",13.1,72.44,4.8," 1,500,000.00 ",16.4," 45,430,000 ",63,4.9," 23,400,000,000.00 "," 365,000 "," 162,419,946 ",71.4,8163," 12,580,000,000.00 ",4.14,8.3
Syria,"185,180",28.29," $1,100,000,000.00 ",4.88,"24,320,000,000"," 26,150,000,000.00 "," $6,086,000,000.00 "," $60,440,000,000.00 "," $3,400.00 ",2.3," 45,697 "," $5,042,000,000.00 ",7,29.53,2.1," 220,000.00 ",16.3," 5,120,000 ",70.03,5.9," 5,840,000,000.00 "," 240,000 "," 18,448,752 ",32,2711," 5,000,000,000.00 ",3.5,20
Morocco,"446,550",22.29," $765,400,000.00 ",5.64,"14,240,000,000"," 13,910,000,000.00 "," $9,754,000,000.00 "," $134,600,000,000.00 "," $4,200.00 ",4.4," 57,694 "," $15,630,000,000.00 ", ,41.62,2.1," 800,000.00 ",22.4," 11,020,000 ",70.66,5," 50,000,000.00 "," 167,000 "," 32,725,847 ",70.2,1907," 15,140,000,000.00 ",2.73,12.1
Dominican Republic,"48,730",23.28," $762,200,000.00 ",7.35,"8,912,000,000"," 9,583,000,000.00 "," $5,446,000,000.00 "," $55,680,000,000.00 "," $6,300.00 ",1.7," 12,600 "," $8,093,000,000.00 ",2,32.38,55," 500,000.00 ",18.9,   ,67.26,1.1,   ," 129,000 "," 8,950,034 ",61.1,1743," 426,000,000.00 ",2.86,17
Bulgaria,"110,910",9.66," $682,900,000.00 ",14.26,"32,710,000,000"," 43,070,000,000.00 "," $9,134,000,000.00 "," $61,630,000,000.00 "," $8,200.00 ",5.3," 37,077 "," $12,230,000,000.00 ",5.2,20.55,6.1," 630,000.00 ",18.6," 3,398,000 ",72.03,2.6," 5,804,000,000.00 "," 94,000 "," 7,450,349 ",41.9,4294," 7,526,000,000.00 ",1.38,12.7
Bahrain,665,18.1," $586,100,000.00 ",4.08,"6,379,000,000"," 6,860,000,000.00 "," $8,205,000,000.00 "," $13,010,000,000.00 "," $19,200.00 ",5.6," 3,459 "," $5,870,000,000.00 ",2,17.27,2.1," 195,700.00 ",12.8," 370,000 ",74.23,6.3," 32,700,000,000.00 "," 40,000 "," 688,345 ",63.8, ," 2,141,000,000.00 ",2.63,15
Uzbekistan,"447,400",26.22," $461,900,000.00 ",7.95,"46,660,000,000"," 47,700,000,000.00 "," $3,700,000,000.00 "," $47,590,000,000.00 "," $1,800.00 ",4.4," 81,600 "," $2,820,000,000.00 ",6.2,71.1,3," 492,000.00 ", ," 14,640,000 ",64.19,2," 45,200,000,000.00 "," 142,000 "," 26,851,195 ",41.5,3950," 1,603,000,000.00 ",2.94,0.6
Yemen,"527,970",43.07," $369,900,000.00 ",8.53,"2,827,000,000"," 3,040,000,000.00 "," $4,468,000,000.00 "," $16,250,000,000.00 ", $800.00 ,1.9," 67,000 "," $3,734,000,000.00 ",3,61.5,12.2," 100,000.00 ",16.1," 5,980,000 ",61.75,7.8, -   ," 78,000 "," 20,727,063 ",46.4, ," 5,300,000,000.00 ",6.67,35
Botswana,"600,370",23.33," $337,000,000.00 ",29.36,"1,890,000,000"," 930,000,000.00 "," $2,940,000,000.00 "," $15,050,000,000.00 "," $9,200.00 ",3.5," 10,217 "," $2,255,000,000.00 ",4.4,54.58,7," 60,000.00 ",25.5," 264,000 ",33.87,3.9,   ," 16,000 "," 1,640,115 ",8.6,888," 5,700,000,000.00 ",2.85,23.8
Chad,"1,284,000",45.98," $330,200,000.00 ",16.41,"89,400,000"," 96,130,000.00 "," $365,000,000.00 "," $15,660,000,000.00 "," $1,600.00 ",38," 33,400 "," $500,700,000.00 ",5,93.82,8," 15,000.00 ",24.7,   ,47.94,2.1,   ," 1,500 "," 9,826,419 ", , ," 652,700,000.00 ",6.32, 
Mauritius,"2,040",15.62," $284,100,000.00 ",6.83,"1,707,000,000"," 1,836,000,000.00 "," $2,012,000,000.00 "," $15,680,000,000.00 "," $12,800.00 ",4.7," 2,000 "," $2,245,000,000.00 ",8,15.03,4.5," 150,000.00 ",22.5," 560,000 ",72.38,0.2,   ," 21,000 "," 1,230,602 ",29.2, ," 1,676,000,000.00 ",1.96,10.8
Bolivia,"1,098,580",23.76," $273,000,000.00 ",7.64,"3,848,000,000"," 4,132,000,000.00 "," $1,986,000,000.00 "," $22,330,000,000.00 "," $2,600.00 ",3.7," 60,282 "," $1,595,000,000.00 ",5.7,53.11,4.9," 270,000.00 ",10.4," 3,800,000 ",65.5,1.6," 1,150,000,000.00 "," 49,000 "," 8,857,870 ", ,3519," 1,214,000,000.00 ",2.94,9.2
Congo Republic of the,"342,000",27.88," $266,000,000.00 ",14.82,"573,600,000"," 348,000,000.00 "," $2,224,000,000.00 "," $2,324,000,000.00 ", $800.00 ,3.7," 12,800 "," $749,300,000.00 ",0,92.41,1.8," 15,000.00 ",25.8,   ,48.97,2.8, -   ," 5,000 "," 3,039,126 ", ,894," 40,420,000.00 ",3.54, 
Ecuador,"283,560",22.67," $261,100,000.00 ",4.24,"75,580,000,000"," 81,270,000,000.00 "," $7,560,000,000.00 "," $49,510,000,000.00 "," $3,700.00 ",5.8," 43,197 "," $7,650,000,000.00 ",10,23.66,2," 569,700.00 ",20.6," 4,530,000 ",76.21,2.2," 160,000,000.00 "," 129,000 "," 13,363,593 ",49.2,966," 1,436,000,000.00 ",2.72,11.1
Honduras,"112,090",30.38," $258,300,000.00 ",6.87,"3,771,000,000"," 3,626,000,000.00 "," $1,457,000,000.00 "," $18,790,000,000.00 "," $2,800.00 ",4.2," 13,603 "," $3,332,000,000.00 ",7.7,29.32,7," 168,600.00 ",24.1," 2,470,000 ",65.6,1.4,   ," 29,000 "," 6,975,204 ",74.1,699," 1,464,000,000.00 ",3.87,28.5
Namibia,"825,418",25.16," $234,300,000.00 ",18.36,"1,920,000,000"," 1,167,000,000.00 "," $1,356,000,000.00 "," $14,760,000,000.00 "," $7,300.00 ",4.8," 42,237 "," $1,473,000,000.00 ", ,48.98,4.2," 65,000.00 ",19.6," 840,000 ",43.93,3.1,   ," 13,000 "," 2,030,692 ",38.5,2382," 360,000,000.00 ",3.18,35
Bangladesh,"144,000",30.01," $216,600,000.00 ",8.4,"15,300,000,000"," 16,450,000,000.00 "," $7,478,000,000.00 "," $275,700,000,000.00 "," $2,000.00 ",4.9," 207,486 "," $10,030,000,000.00 ",6.5,62.6,6," 243,000.00 ",23.5," 65,490,000 ",62.08,1.8," 9,900,000,000.00 "," 71,000 "," 144,319,628 ",43,2706," 3,000,000,000.00 ",3.13,40
Israel,"20,770",18.21," $211,900,000.00 ",6.18,"38,300,000,000"," 42,670,000,000.00 "," $34,410,000,000.00 "," $129,000,000,000.00 "," $20,800.00 ",3.9," 16,903 "," $36,840,000,000.00 ",4.5,7.03,0," 2,000,000.00 ",17.6," 2,680,000 ",79.32,8.7," 10,000,000.00 "," 260,000 "," 6,276,883 ",104.5,640," 28,480,000,000.00 ",2.44,10.7
Jordan,"92,300",21.76," $203,200,000.00 ",2.63,"7,094,000,000"," 7,307,000,000.00 "," $3,200,000,000.00 "," $25,500,000,000.00 "," $4,500.00 ",5.1," 7,301 "," $7,600,000,000.00 ",5,17.35,3.2," 457,000.00 ",11.6," 1,410,000 ",78.24,14.6," 290,000,000.00 "," 103,000 "," 5,759,732 ",85.8,505," 5,457,000,000.00 ",2.71,15
Gabon,"267,667",36.24," $196,800,000.00 ",11.72,"1,080,000,000"," 1,161,000,000.00 "," $3,710,000,000.00 "," $7,966,000,000.00 "," $5,900.00 ",1.9," 8,464 "," $1,225,000,000.00 ",1.6,53.64,1.5," 35,000.00 ",21.8," 650,000 ",55.75,2," 80,000,000.00 "," 13,000 "," 1,389,201 ",29.3,814," 268,600,000.00 ",4.77,21
Uruguay,"176,220",14.09," $181,800,000.00 ",9.06,"5,878,000,000"," 8,536,000,000.00 "," $2,200,000,000.00 "," $49,270,000,000.00 "," $14,500.00 ",10.2," 8,983 "," $2,071,000,000.00 ",22,11.95,7.6," 400,000.00 ",9.6," 1,560,000 ",76.13,2," 64,500,000.00 "," 41,500 "," 3,415,920 ", ,2073," 2,362,000,000.00 ",1.91,13
Turkmenistan,"488,100",27.68," $114,000,000.00 ",8.78,"8,908,000,000"," 11,410,000,000.00 "," $4,000,000,000.00 "," $27,600,000,000.00 "," $5,700.00 ",7.5," 24,000 "," $2,850,000,000.00 ",22,73.08,9," 8,000.00 ",29," 2,320,000 ",61.39,3.4," 9,600,000,000.00 "," 63,000 "," 4,952,081 ", ,2440," 3,034,000,000.00 ",3.41,60
Ghana,"239,460",23.97," $83,870,000.00 ",10.84,"6,137,000,000"," 6,922,000,000.00 "," $3,010,000,000.00 "," $48,270,000,000.00 "," $2,300.00 ",5.4," 46,176 "," $3,699,000,000.00 ",3.8,51.43,13," 170,000.00 ",19.7," 10,240,000 ",56,0.6,   ," 38,000 "," 21,029,853 ", ,953," 1,267,000,000.00 ",3.02,20
Tunisia,"163,610",15.5," $71,850,000.00 ",5.09,"10,050,000,000"," 10,720,000,000.00 "," $9,926,000,000.00 "," $70,880,000,000.00 "," $7,100.00 ",5.1," 18,997 "," $11,520,000,000.00 ",4.4,24.77,4.1," 630,000.00 ",24.5," 3,550,000 ",74.89,1.5," 3,830,000,000.00 "," 87,000 "," 10,074,951 ",59.2,2152," 3,509,000,000.00 ",1.75,13.8
Papua New Guinea,"462,840",29.95," $29,150,000.00 ",7.37,"1,561,000,000"," 1,679,000,000.00 "," $2,437,000,000.00 "," $11,990,000,000.00 "," $2,200.00 ",0.9," 19,600 "," $1,353,000,000.00 ", ,51.45,4.2," 75,000.00 ",13.6," 3,320,000 ",64.93,1.4," 110,000,000.00 "," 15,000 "," 5,545,268 ",59.3, ," 635,800,000.00 ",3.96, 
Gambia The,"11,300",39.86," $(16,400,000.00)",11.81,"83,990,000"," 90,310,000.00 "," $114,400,000.00 "," $2,799,000,000.00 "," $1,800.00 ",6," 2,700 "," $180,900,000.00 ", ,72.02,7," 25,000.00 ",25.3," 400,000 ",55.2,0.3,   ," 1,900 "," 1,593,256 ", , ," 113,100,000.00 ",5.38, 
Haiti,"27,750",36.59," $(27,630,000.00)",12.34,"574,700,000"," 618,000,000.00 "," $338,100,000.00 "," $12,050,000,000.00 "," $1,500.00 ",-3.5," 4,160 "," $1,085,000,000.00 ", ,73.45,22," 80,000.00 ", ," 3,600,000 ",52.92,0.9,   ," 11,000 "," 8,121,622 ", , ," 80,640,000.00 ",5.02, 
Peru,"1,285,220",20.87," $(30,000,000.00)",6.26,"20,220,000,000"," 22,880,000,000.00 "," $12,300,000,000.00 "," $155,300,000,000.00 "," $5,600.00 ",4.5," 78,230 "," $9,600,000,000.00 ",5.2,31.94,3.8," 2,850,000.00 ",17.8," 11,000,000 ",69.53,1.4," 910,000,000.00 "," 161,000 "," 27,925,628 ",44.1,3462," 12,700,000,000.00 ",2.56,9.6
Sao Tome and Principe,"1,001",40.8," $(31,500,000.00)",6.68,"15,810,000"," 17,000,000.00 "," $6,700,000.00 "," $214,000,000.00 "," $1,200.00 ",6, 320 ," $41,000,000.00 ", ,43.11,14," 15,000.00 ",31.5,   ,66.99,0.8,   , 700 ," 187,410 ", , ," 29,780,000.00 ",5.71, 
Paraguay,"406,750",29.43," $(36,110,000.00)",4.53,"2,469,000,000"," 48,360,000,000.00 "," $2,936,000,000.00 "," $29,930,000,000.00 "," $4,800.00 ",2.8," 29,500 "," $3,330,000,000.00 ",0,25.63,5.1," 120,000.00 ",18.1," 2,660,000 ",74.89,0.9,   ," 25,000 "," 6,347,884 ",39.2,441," 1,164,000,000.00 ",3.93,15.1
Angola,"1,246,700",44.64," $(37,880,000.00)",25.9,"1,587,000,000"," 1,707,000,000.00 "," $12,760,000,000.00 "," $23,170,000,000.00 "," $2,100.00 ",11.7," 51,429 "," $4,896,000,000.00 ",1,191.19,43.8," 41,000.00 ",34.5," 5,410,000 ",36.61,10.6," 530,000,000.00 "," 31,000 "," 11,190,786 ", ,2761," 800,000,000.00 ",6.27, 
Kazakhstan,"2,717,300",15.78," $(39,020,000.00)",9.46,"62,210,000,000"," 66,820,000,000.00 "," $18,470,000,000.00 "," $118,400,000,000.00 "," $7,800.00 ",9.1," 82,980 "," $13,070,000,000.00 ",10.6,29.21,6.9," 250,000.00 ",23.9," 7,950,000 ",66.55,0.9," 14,300,000,000.00 "," 189,400 "," 15,185,844 ",13.7,13601," 14,350,000,000.00 ",1.89,8
Slovenia,"20,273",8.95," $(51,640,000.00)",10.22,"11,800,000,000"," 12,490,000,000.00 "," $14,970,000,000.00 "," $39,410,000,000.00 "," $19,600.00 ",3.9," 20,250 "," $16,070,000,000.00 ",3.9,4.45,3.3," 750,000.00 ",24.9," 870,000 ",76.14,1.7," 1,040,000,000.00 "," 53,300 "," 2,011,070 ",31.5,1201," 8,493,000,000.00 ",1.24,6.4
Tajikistan,"143,100",32.58," $(52,000,000.00)",8.39,"14,410,000,000"," 15,080,000,000.00 "," $1,130,000,000.00 "," $7,950,000,000.00 "," $1,100.00 ",10.5," 27,767 "," $1,300,000,000.00 ",8.2,110.76,8," 4,100.00 ",22," 3,187,000 ",64.56,3.9," 1,300,000,000.00 "," 20,000 "," 7,163,506 ", ,482," 145,300,000.00 ",4.05,40
Malawi,"118,480",43.95," $(55,500,000.00)",23.39,"1,012,000,000"," 1,088,000,000.00 "," $503,400,000.00 "," $7,410,000,000.00 ", $600.00 ,4," 28,400 "," $521,100,000.00 ",1.4,103.32,12," 36,000.00 ",10.7," 4,500,000 ",36.97,0.7,   ," 5,400 "," 12,158,924 ",228.3,797," 160,500,000.00 ",5.98, 
Burundi,"27,830",39.66," $(59,500,000.00)",17.43,"137,800,000"," 132,000,000.00 "," $31,840,000.00 "," $4,001,000,000.00 ", $600.00 ,3," 14,480 "," $138,200,000.00 ",18,69.29,8.5," 14,000.00 ",10.7," 2,990,000 ",43.5,6,   ," 2,750 "," 6,370,609 ", , ," 76,890,000.00 ",5.81, 
Laos,"236,800",35.99," $(80,760,000.00)",11.83,"3,036,000,000"," 3,560,000,000.00 "," $365,500,000.00 "," $11,280,000,000.00 "," $1,900.00 ",6," 21,716 "," $579,500,000.00 ",9.7,85.22,12.3," 15,000.00 ", ," 2,600,000 ",55.08,0.5,   ," 2,750 "," 6,217,141 ", , ," 193,100,000.00 ",4.77,5.7
Swaziland,"17,363",27.72," $(82,400,000.00)",25.26,"1,173,000,000"," 402,000,000.00 "," $900,100,000.00 "," $6,018,000,000.00 "," $5,100.00 ",2.5," 3,107 "," $1,140,000,000.00 ",3.7,69.27,5.4," 27,000.00 ",23.6," 383,200 ",35.65,1.4,   ," 3,500 "," 1,173,900 ", ,301," 320,500,000.00 ",3.7,34
Kyrgyzstan,"198,500",22.48," $(87,920,000.00)",7.13,"10,210,000,000"," 11,720,000,000.00 "," $646,700,000.00 "," $8,495,000,000.00 "," $1,700.00 ",6," 18,500 "," $775,100,000.00 ",6,35.64,3.2," 152,000.00 ",17," 2,700,000 ",68.16,1.4," 2,016,000,000.00 "," 20,000 "," 5,146,281 ", ,470," 498,700,000.00 ",2.7,18
Cape Verde,"4,033",25.33," $(93,760,000.00)",6.62,"40,060,000"," 43,080,000.00 "," $61,110,000.00 "," $600,000,000.00 "," $1,400.00 ",5," 1,100 "," $387,300,000.00 ", ,47.77,1.5," 20,400.00 ",19.2,   ,70.45,1.5,   ," 2,000 "," 418,224 ", , ," 112,700,000.00 ",3.48,21
Seychelles,455,16.22," $(98,420,000.00)",6.34,"202,800,000"," 218,000,000.00 "," $256,200,000.00 "," $626,000,000.00 "," $7,800.00 ",1.5, 373 ," $393,400,000.00 ", ,15.53,5," 11,700.00 ",39.5," 30,900 ",71.82,1.8,   ," 4,000 "," 81,188 ",122.8, ," 70,940,000.00 ",1.75, 
Mozambique,"801,590",35.79," $(101,200,000.00)",20.99,"5,046,000,000"," 8,859,000,000.00 "," $689,400,000.00 "," $23,380,000,000.00 "," $1,200.00 ",8.2," 30,400 "," $972,900,000.00 ",3.4,130.79,12.8," 50,000.00 ",47," 9,200,000 ",40.32,2.2," 60,000,000.00 "," 8,500 "," 19,406,703 ", ,3123," 1,206,000,000.00 ",4.7,21
Lesotho,"30,355",26.53," $(108,300,000.00)",25.03,"308,000,000"," 314,000,000.00 "," $484,500,000.00 "," $5,892,000,000.00 "," $3,200.00 ",3.3," 5,940 "," $730,900,000.00 ",15.5,84.23,5.3," 21,000.00 ",39.6," 838,000 ",36.68,2.3,   ," 1,500 "," 1,867,035 ", , ," 402,200,000.00 ",3.35,45
Belize,"22,966",29.34," $(115,000,000.00)",6.04,"108,800,000"," 117,000,000.00 "," $401,400,000.00 "," $1,778,000,000.00 "," $6,500.00 ",3.5," 2,872 "," $579,900,000.00 ",4.6,25.69,2.9," 30,000.00 ",33.6," 90,000 ",67.49,2,   ," 5,000 "," 279,457 ", , ," 111,100,000.00 ",3.68,12.9
Togo,"56,785",33.48," $(125,600,000.00)",11.8,"451,200,000"," 108,800,000.00 "," $663,100,000.00 "," $8,684,000,000.00 "," $1,600.00 ",3," 7,520 "," $824,900,000.00 ", ,66.61,1," 210,000.00 ",19.1," 1,740,000 ",52.64,1.9,   ," 10,000 "," 5,681,519 ", ,568," 267,400,000.00 ",4.61, 
Guyana,"214,970",18.45," $(129,400,000.00)",8.32,"751,400,000"," 808,000,000.00 "," $570,200,000.00 "," $2,899,000,000.00 "," $3,800.00 ",1.9," 7,970 "," $650,100,000.00 ",7.1,33.26,4.5," 125,000.00 ",34.5," 418,000 ",65.5,0.9,   ," 11,000 "," 765,283 ", ,187," 280,600,000.00 ",2.05, 
Eritrea,"121,320",38.62," $(144,900,000.00)",13.53,"229,400,000"," 246,600,000.00 "," $64,440,000.00 "," $4,154,000,000.00 ", $900.00 ,2.5," 4,010 "," $622,000,000.00 ", ,74.87,10," 9,500.00 ",26.3,   ,52.16,13.4,   ," 6,000 "," 4,561,599 ", ,306," 30,870,000.00 ",5.61, 
Moldova,"33,843",15.27," $(148,400,000.00)",12.79,"4,605,000,000"," 3,876,000,000.00 "," $1,030,000,000.00 "," $8,581,000,000.00 "," $1,900.00 ",6.8," 12,719 "," $1,830,000,000.00 ",17,40.42,11.5," 150,000.00 ",17.1," 1,360,000 ",65.18,0.4," 2,050,000,000.00 "," 24,000 "," 4,455,421 ",63.4,1138," 390,000,000.00 ",1.81,8
Cameroon,"475,440",34.67," $(149,100,000.00)",15.4,"3,321,000,000"," 3,571,000,000.00 "," $2,445,000,000.00 "," $30,170,000,000.00 "," $1,900.00 ",4.9," 34,300 "," $1,979,000,000.00 ",4.2,68.26,1," 60,000.00 ",16.1," 6,680,000 ",47.84,1.6, -   ," 22,000 "," 16,380,005 ",69.1,1008," 687,500,000.00 ",4.47,30
Benin,"112,620",41.99," $(159,900,000.00)",13.76,"565,200,000"," 285,200,000.00 "," $720,900,000.00 "," $8,338,000,000.00 "," $1,200.00 ",5," 6,787 "," $934,500,000.00 ",8.3,85,2.8," 70,000.00 ",19.3,   ,50.51,2.4,   ," 11,500 "," 7,460,025 ", ,578," 839,300,000.00 ",5.86, 
Zambia,"752,614",41.38," $(181,400,000.00)",20.23,"5,345,000,000"," 8,167,000,000.00 "," $1,548,000,000.00 "," $9,409,000,000.00 ", $900.00 ,4.6," 91,440 "," $1,519,000,000.00 ",6.9,88.29,18.3," 68,200.00 ",41.4," 4,630,000 ",39.7,1.8,   ," 11,000 "," 11,261,795 ",127.5,2173," 345,000,000.00 ",5.47,50
Burma,"678,500",18.11," $(185,000,000.00)",12.15,"3,484,000,000"," 5,068,000,000.00 "," $2,137,000,000.00 "," $74,300,000,000.00 "," $1,700.00 ",-1.3," 28,200 "," $1,754,000,000.00 ", ,67.24,17.2," 28,000.00 ",10.2," 27,010,000 ",56.22,2.1," 1,569,000,000.00 "," 60,950 "," 42,909,464 ", ,3955," 590,000,000.00 ",2.01,5.2
Cuba,"110,860",12.03," $(185,100,000.00)",7.19,"13,400,000,000"," 14,410,000,000.00 "," $2,104,000,000.00 "," $33,920,000,000.00 "," $3,000.00 ",3," 60,858 "," $5,296,000,000.00 ",1.4,6.33,3.1," 120,000.00 ",11.2," 4,550,000 ",77.23,1.8," 600,000,000.00 "," 163,000 "," 11,346,670 ", ,4226," 738,600,000.00 ",1.66,2.5
Rwanda,"26,338",40.6," $(212,500,000.00)",16.32,"195,000,000"," 166,700,000.00 "," $69,780,000.00 "," $10,430,000,000.00 "," $1,300.00 ",0.9," 12,000 "," $260,000,000.00 ",7,91.23,7," 25,000.00 ",20," 4,600,000 ",46.96,3.2,   ," 5,300 "," 8,440,820 ", , ," 210,900,000.00 ",5.49, 
Zimbabwe,"390,580",29.74," $(230,300,000.00)",24.66,"11,220,000,000"," 8,839,000,000.00 "," $1,409,000,000.00 "," $24,370,000,000.00 "," $1,900.00 ",-8.2," 18,338 "," $1,599,000,000.00 ",-7.8,67.69,133," 500,000.00 ",9.9," 4,230,000 ",36.67,4.3,   ," 23,000 "," 12,746,990 ",52.3,3077," 57,000,000.00 ",3.54,70
Armenia,"29,800",11.76," $(240,400,000.00)",8.16,"5,797,000,000"," 6,492,000,000.00 "," $850,000,000.00 "," $13,650,000,000.00 "," $4,600.00 ",9," 8,431 "," $1,300,000,000.00 ",15,23.28,3.5," 150,000.00 ",19.8," 1,400,000 ",71.55,6.5," 1,400,000,000.00 "," 5,700 "," 2,982,904 ", ,845," 555,000,000.00 ",1.32,30
Malta,316,10.17," $(241,000,000.00)",8,"2,000,000,000"," 2,150,000,000.00 "," $2,625,000,000.00 "," $7,223,000,000.00 "," $18,200.00 ",1," 2,222 "," $3,407,000,000.00 ", ,3.89,2.9," 120,000.00 ",26.4," 160,000 ",78.86,0.7,   ," 20,000 "," 398,534 ", , ," 2,865,000,000.00 ",1.5,7
Madagascar,"587,040",41.66," $(281,900,000.00)",11.35,"781,400,000"," 840,200,000.00 "," $868,200,000.00 "," $14,560,000,000.00 ", $800.00 ,5.5," 49,827 "," $1,147,000,000.00 ",3,76.83,7.5," 70,500.00 ",14.7," 7,300,000 ",56.95,1.2,   ," 13,000 "," 18,040,341 ", ,732," 500,300,000.00 ",5.66, 
France,"547,030",12.15," $(305,000,000.00)",9.08,"414,700,000,000"," 528,600,000,000.00 "," $419,000,000,000.00 "," $1,737,000,000,000.00 "," $28,700.00 ",2.1," 893,100 "," $419,700,000,000.00 ",1.7,4.26,2.3," 21,900,000.00 ",19.2," 27,700,000 ",79.6,2.6," 42,010,000,000.00 "," 2,026,000 "," 60,656,178 ",67.7,32175," 70,760,000,000.00 ",1.85,10.1
Guinea,"245,857",42.03," $(308,300,000.00)",15.38,"795,200,000"," 855,000,000.00 "," $709,200,000.00 "," $19,500,000,000.00 "," $2,100.00 ",1," 30,500 "," $641,500,000.00 ",3.2,90.37,18," 40,000.00 ",21," 3,000,000 ",49.86,1.7,   ," 8,600 "," 9,467,866 ", ,837," 201,700,000.00 ",5.83, 
Macedonia,"25,333",12," $(311,000,000.00)",8.73,"7,216,000,000"," 6,273,000,000.00 "," $1,629,000,000.00 "," $14,400,000,000.00 "," $7,100.00 ",1.3," 8,684 "," $2,677,000,000.00 ",0,10.09,0.4," 100,000.00 ",17.5," 855,000 ",73.73,6,   ," 22,000 "," 2,045,262 ",20,699," 928,000,000.00 ",1.57,37.7
Cambodia,"181,040",27.08," $(316,200,000.00)",8.97,"100,600,000"," 122,000,000.00 "," $2,311,000,000.00 "," $26,990,000,000.00 "," $2,000.00 ",5.4," 12,323 "," $3,129,000,000.00 ",22,71.48,3.1," 30,000.00 ",20.9," 7,000,000 ",58.87,3,   ," 7,200 "," 13,607,069 ", ,602," 997,500,000.00 ",3.44,2.5
Tanzania,"945,087",38.16," $(327,400,000.00)",16.71,"2,566,000,000"," 2,727,000,000.00 "," $1,248,000,000.00 "," $23,710,000,000.00 ", $700.00 ,5.8," 88,200 "," $1,972,000,000.00 ",8.4,98.54,5.4," 250,000.00 ",16.2," 19,000,000 ",45.24,0.2,   ," 17,000 "," 36,766,356 ",5,3690," 2,175,000,000.00 ",5.06, 
Cote d'Ivoire,"322,460",35.51," $(421,500,000.00)",14.94,"2,976,000,000"," 4,759,000,000.00 "," $5,124,000,000.00 "," $24,780,000,000.00 "," $1,500.00 ",-1," 50,400 "," $3,360,000,000.00 ",15,90.83,1.4," 90,000.00 ",11.3," 6,700,000 ",48.62,1.2," 1,350,000,000.00 "," 32,000 "," 17,298,040 ",74.8,660," 1,950,000,000.00 ",4.58,13
Kenya,"582,650",40.13," $(459,200,000.00)",14.65,"4,337,000,000"," 4,475,000,000.00 "," $2,589,000,000.00 "," $34,680,000,000.00 "," $1,100.00 ",2.2," 63,942 "," $4,190,000,000.00 ",2.6,61.47,9," 400,000.00 ",14.7," 11,400,000 ",47.99,1.3,   ," 57,000 "," 33,829,590 ",74.3,2778," 1,500,000,000.00 ",4.96,40
Ethiopia,"1,127,127",38.61," $(464,400,000.00)",15.06,"1,998,000,000"," 2,149,000,000.00 "," $562,800,000.00 "," $54,890,000,000.00 ", $800.00 ,11.6," 33,297 "," $2,104,000,000.00 ",6.7,95.32,2.4," 75,000.00 ",17.8,   ,48.83,4.6,   ," 23,000 "," 73,053,286 ", ,681," 923,100,000.00 ",5.33, 
Panama,"78,200",19.96," $(469,600,000.00)",6.54,"4,473,000,000"," 4,873,000,000.00 "," $5,699,000,000.00 "," $20,570,000,000.00 "," $6,900.00 ",6," 11,643 "," $7,164,000,000.00 ",5.4,20.47,2," 120,000.00 ",25," 1,320,000 ",71.94,1.1,   ," 40,520 "," 3,039,150 ",69.2,355," 1,076,000,000.00 ",2.45,12.6
Burkina Faso,"274,200",44.17," $(471,700,000.00)",18.86,"335,700,000"," 361,000,000.00 "," $418,600,000.00 "," $15,740,000,000.00 "," $1,200.00 ",4.8," 12,506 "," $866,300,000.00 ",14,97.57,2.4," 48,000.00 ",29.1," 5,000,000 ",43.92,1.3,   ," 8,000 "," 13,925,313 ", ,622," 474,900,000.00 ",6.23, 
Albania,"28,748",15.08," $(504,000,000.00)",5.12,"6,760,000,000"," 5,680,000,000.00 "," $552,400,000.00 "," $17,460,000,000.00 "," $4,900.00 ",5.6," 18,000 "," $2,076,000,000.00 ",3.1,21.52,3.2," 30,000.00 ",18.4," 1,090,000 ",77.24,1.49," 30,000,000.00 "," 7,500 "," 3,563,112 ", ,447," 1,206,000,000.00 ",2.04,14.8
Senegal,"196,190",35.21," $(518,800,000.00)",10.6,"1,615,000,000"," 1,737,000,000.00 "," $1,374,000,000.00 "," $18,360,000,000.00 "," $1,700.00 ",3.2," 14,576 "," $2,128,000,000.00 ",4.7,55.51,0.8," 225,000.00 ",20.1," 4,650,000 ",56.75,1.5," 50,000,000.00 "," 31,000 "," 11,126,832 ",55.2,906," 820,000,000.00 ",4.75,48
Iraq,"437,072",32.5," $(560,000,000.00)",5.49,"33,700,000,000"," 32,600,000,000.00 "," $10,100,000,000.00 "," $89,800,000,000.00 "," $3,500.00 ",52.3," 45,550 "," $9,900,000,000.00 ", ,50.25,25.4," 25,000.00 ", ," 6,700,000 ",68.7, ," 2,350,000,000.00 "," 383,000 "," 26,074,906 ", ,1963,   ,4.28,25
Iceland,"103,000",13.73," $(570,000,000.00)",6.68,"7,692,000,000"," 8,271,000,000.00 "," $2,902,000,000.00 "," $9,373,000,000.00 "," $31,900.00 ",1.8," 13,004 "," $3,307,000,000.00 ",8.8,3.31,4," 195,000.00 ",23.8," 158,100 ",80.19, ,   ," 16,300 "," 296,737 ",35.9, ," 935,000,000.00 ",1.92,3.1
Equatorial Guinea,"28,051",36.18," $(578,600,000.00)",12,"24,820,000"," 26,690,000.00 "," $2,771,000,000.00 "," $1,270,000,000.00 "," $2,700.00 ",20," 2,880 "," $1,167,000,000.00 ",30,85.13,8.5," 1,800.00 ",50.8,   ,55.56,2.5," 20,000,000.00 "," 2,000 "," 535,881 ", , ," 235,200,000.00 ",4.62,30
Sri Lanka,"65,610",15.63," $(587,300,000.00)",6.49,"6,228,000,000"," 6,697,000,000.00 "," $5,306,000,000.00 "," $80,580,000,000.00 "," $4,000.00 ",5.2," 11,650 "," $7,265,000,000.00 ",7.1,14.35,5.8," 200,000.00 ",22.4," 7,260,000 ",73.17,2.6,   ," 75,000 "," 20,064,776 ",104.3,1449," 2,475,000,000.00 ",1.85,7.8
Uganda,"236,040",47.39," $(590,800,000.00)",12.8,"1,401,000,000"," 1,775,000,000.00 "," $621,700,000.00 "," $39,390,000,000.00 "," $1,500.00 ",5," 27,000 "," $1,306,000,000.00 ",5.6,67.83,3.5," 125,000.00 ",22.4," 12,410,000 ",51.59,2.2,   ," 8,750 "," 27,269,482 ",73.9,1241," 1,200,000,000.00 ",6.74, 
Cyprus,"9,250",12.57," $(619,900,000.00)",7.64,"602,000,000"," 4,000,000,000.00 "," $49,300,000.00 "," $4,540,000,000.00 "," $7,135.00 ",2.6," 13,943 "," $415,200,000.00 ",-0.3,7.18,2.4," 210,000.00 ",17.9," 95,025 ",77.65,3.8,   ," 49,000 "," 780,133 ",74.9, ," 941,600,000.00 ",1.83,3.2
Georgia,"69,700",10.25," $(632,900,000.00)",9.09,"6,811,000,000"," 6,732,000,000.00 "," $909,400,000.00 "," $14,450,000,000.00 "," $3,100.00 ",9.5," 20,229 "," $1,806,000,000.00 ",3,18.59,5.5," 150,500.00 ",18.5," 2,100,000 ",75.88,0.59," 1,160,000,000.00 "," 31,500 "," 4,677,401 ", ,1612," 231,400,000.00 ",1.41,17
Sudan,"2,505,810",35.17," $(763,600,000.00)",9.16,"2,400,000,000"," 2,581,000,000.00 "," $3,395,000,000.00 "," $76,190,000,000.00 "," $1,900.00 ",6.4," 11,900 "," $3,496,000,000.00 ",8.5,62.5,9," 300,000.00 ",16," 11,000,000 ",58.54,3,   ," 70,000 "," 40,187,486 ",79.7,5995," 1,652,000,000.00 ",4.85,18.7
Jamaica,"10,991",16.56," $(830,700,000.00)",5.37,"5,849,000,000"," 6,289,000,000.00 "," $1,679,000,000.00 "," $11,130,000,000.00 "," $4,100.00 ",1.9," 18,700 "," $3,624,000,000.00 ",-2,12.36,12.4," 600,000.00 ",32," 1,140,000 ",76.29,0.4,   ," 66,000 "," 2,731,832 ",146.1,272," 1,400,000,000.00 ",1.95,15
Nicaragua,"129,494",24.88," $(843,100,000.00)",4.49,"2,318,000,000"," 2,553,000,000.00 "," $750,000,000.00 "," $12,340,000,000.00 "," $2,300.00 ",4," 18,712 "," $2,020,000,000.00 ",4.4,29.11,9.3," 90,000.00 ",28," 1,930,000 ",70.33,0.7,   ," 25,770 "," 5,465,100 ",69.5,6," 670,000,000.00 ",2.81,7.8
El Salvador,"21,040",27.04," $(880,500,000.00)",5.85,"4,450,000,000"," 4,158,000,000.00 "," $3,249,000,000.00 "," $32,350,000,000.00 "," $4,900.00 ",1.8," 10,029 "," $5,968,000,000.00 ",0.7,25.1,5.4," 550,000.00 ",16.6," 2,750,000 ",71.22,1.1,   ," 39,000 "," 6,704,932 ",41.7,283," 1,888,000,000.00 ",3.16,6.3
Costa Rica,"51,100",18.6," $(980,300,000.00)",4.33,"5,733,000,000"," 6,614,000,000.00 "," $6,184,000,000.00 "," $37,970,000,000.00 "," $9,600.00 ",3.9," 35,303 "," $7,842,000,000.00 ",3.1,9.95,11.5," 800,000.00 ",19.2," 1,810,000 ",76.84,0.4,   ," 37,000 "," 4,016,173 ",58,950," 1,736,000,000.00 ",2.28,6.6
Belarus,"207,600",10.83," $(1,119,000,000.00)",14.15,"34,300,000,000"," 30,000,000,000.00 "," $11,470,000,000.00 "," $70,500,000,000.00 "," $6,800.00 ",6.4," 79,990 "," $13,570,000,000.00 ",4,13.37,17.4," 1,391,900.00 ",21.8," 4,305,000 ",68.72,1.4," 18,800,000,000.00 "," 285,000 "," 10,300,483 ", ,5523," 770,200,000.00 ",1.39,2
Estonia,"45,226",9.91," $(1,169,000,000.00)",13.21,"6,358,000,000"," 8,301,000,000.00 "," $5,701,000,000.00 "," $19,230,000,000.00 "," $14,300.00 ",6," 55,944 "," $7,318,000,000.00 ",5,7.87,3," 444,000.00 ",28.2," 660,000 ",71.77,2," 1,270,000,000.00 "," 24,000 "," 1,332,893 ",5.4,958," 1,503,000,000.00 ",1.39,9.6
Latvia,"64,589",9.04," $(1,251,000,000.00)",13.7,"5,829,000,000"," 4,547,000,000.00 "," $3,569,000,000.00 "," $26,530,000,000.00 "," $11,500.00 ",7.6," 60,472 "," $5,970,000,000.00 ",8.5,9.55,6," 936,000.00 ",26.1," 1,170,000 ",71.05,1.2," 1,700,000,000.00 "," 44,000 "," 2,290,237 ",11.8,2303," 1,650,000,000.00 ",1.26,8.8
Guatemala,"108,890",34.11," $(1,381,000,000.00)",6.81,"5,760,000,000"," 6,608,000,000.00 "," $2,911,000,000.00 "," $59,470,000,000.00 "," $4,200.00 ",2.6," 14,118 "," $7,770,000,000.00 ",4.1,35.93,7.2," 400,000.00 ",14.9," 3,680,000 ",65.14,0.8,   ," 61,000 "," 14,655,189 ",32,886," 3,084,000,000.00 ",4.53,7.5
Slovakia,"48,845",10.62," $(1,400,000,000.00)",9.43,"28,890,000,000"," 31,150,000,000.00 "," $29,240,000,000.00 "," $78,890,000,000.00 "," $14,500.00 ",5.3," 42,970 "," $29,670,000,000.00 ",5.1,7.41,7.5," 1,375,800.00 ",24," 2,200,000 ",74.5,1.89," 6,800,000,000.00 "," 82,000 "," 5,431,363 ",46.6,3661," 14,910,000,000.00 ",1.32,13.1
Lithuania,"65,200",8.62," $(1,600,000,000.00)",10.92,"10,170,000,000"," 17,930,000,000.00 "," $8,880,000,000.00 "," $45,230,000,000.00 "," $12,500.00 ",6.6," 77,148 "," $11,020,000,000.00 ",12,6.89,1.1," 695,700.00 ",21.9," 1,630,000 ",73.97,1.9," 2,760,000,000.00 "," 72,000 "," 3,596,617 ",25.2,1998," 4,610,000,000.00 ",1.19,8
Colombia,"1,138,910",20.82," $(1,706,000,000.00)",5.59,"41,140,000,000"," 44,870,000,000.00 "," $15,500,000,000.00 "," $281,100,000,000.00 "," $6,600.00 ",3.6," 112,998 "," $15,340,000,000.00 ",4,20.97,5.9," 2,732,200.00 ",15.8," 20,700,000 ",71.72,3.4," 5,700,000,000.00 "," 252,000 "," 42,954,279 ",51.8,3304," 11,940,000,000.00 ",2.56,13.6
Croatia,"56,542",9.57," $(1,925,000,000.00)",11.38,"15,200,000,000"," 12,510,000,000.00 "," $7,845,000,000.00 "," $50,330,000,000.00 "," $11,200.00 ",3.7," 28,344 "," $16,700,000,000.00 ",2.7,6.84,2.5," 1,014,000.00 ",28.6," 1,710,000 ",74.45,2.39," 2,840,000,000.00 "," 89,000 "," 4,495,904 ",41.7,2726," 8,563,000,000.00 ",1.39,13.8
Vietnam,"329,560",17.07," $(2,061,000,000.00)",6.2,"32,060,000,000"," 34,480,000,000.00 "," $23,720,000,000.00 "," $227,200,000,000.00 "," $2,700.00 ",7.7," 93,300 "," $26,310,000,000.00 ",16,25.95,9.5," 3,500,000.00 ",36.6," 42,980,000 ",70.61,2.5," 1,300,000,000.00 "," 185,000 "," 83,535,576 ",65.9,2600," 6,510,000,000.00 ",1.94,1.9
Bosnia and Herzegovina,"51,129",12.49," $(2,100,000,000.00)",8.44,"8,318,000,000"," 10,040,000,000.00 "," $1,700,000,000.00 "," $26,210,000,000.00 "," $6,500.00 ",5," 21,846 "," $5,200,000,000.00 ",5.5,21.05,1.1," 100,000.00 ", ," 1,026,000 ",72.85,4.5," 300,000,000.00 "," 20,000 "," 4,025,476 ", ,1021," 2,000,000,000.00 ",1.71,44
Lebanon,"10,400",18.88," $(2,389,000,000.00)",6.24,"8,591,000,000"," 8,066,000,000.00 "," $1,783,000,000.00 "," $18,830,000,000.00 "," $5,000.00 ",4," 7,300 "," $8,162,000,000.00 ", ,24.52,2," 400,000.00 ",26," 2,600,000 ",72.63,3.1,   ," 107,000 "," 3,826,018 ",177.9,401," 16,300,000,000.00 ",1.92,18
South Africa,"1,219,912",18.48," $(2,480,000,000.00)",21.32,"189,400,000,000"," 202,600,000,000.00 "," $41,970,000,000.00 "," $491,400,000,000.00 "," $11,100.00 ",3.5," 275,971 "," $39,420,000,000.00 ",5.5,61.81,4.5," 3,100,000.00 ",16.7," 16,630,000 ",43.27,1.5," 1,800,000,000.00 "," 460,000 "," 44,344,136 ",45.9,22298," 11,680,000,000.00 ",2.24,26.2
Ireland,"70,280",14.47," $(2,881,000,000.00)",7.85,"21,780,000,000"," 22,880,000,000.00 "," $103,800,000,000.00 "," $126,400,000,000.00 "," $31,900.00 ",5.1," 95,736 "," $60,650,000,000.00 ",7,5.39,2.2," 1,260,000.00 ",23.8," 1,920,000 ",77.56,0.9," 4,199,000,000.00 "," 174,400 "," 4,015,676 ",31.2,3312," 4,152,000,000.00 ",1.87,4.3
Azerbaijan,"86,600",20.4," $(2,899,000,000.00)",9.86,"17,370,000,000"," 17,550,000,000.00 "," $3,168,000,000.00 "," $30,010,000,000.00 "," $3,800.00 ",9.8," 28,030 "," $3,622,000,000.00 ",4,81.74,4.6," 300,000.00 ",65.1," 5,090,000 ",63.35,2.6," 6,720,000,000.00 "," 140,000 "," 7,911,974 ",18.9,2957," 875,000,000.00 ",2.44,1.2
Serbia and Montenegro,"102,350",12.12," $(3,008,000,000.00)",10.49,"32,330,000,000"," 31,640,000,000.00 "," $3,245,000,000.00 "," $26,270,000,000.00 "," $2,400.00 ",6.5," 45,290 "," $9,538,000,000.00 ",1.7,12.89,8.8," 847,000.00 ",14.4," 3,200,000 ",74.73, ," 602,000,000.00 "," 64,000 "," 10,829,175 ",80,4380," 3,550,000,000.00 ",1.67,30
Austria,"83,870",8.81," $(3,283,000,000.00)",9.7,"55,090,000,000"," 58,490,000,000.00 "," $102,700,000,000.00 "," $255,900,000,000.00 "," $31,300.00 ",1.9," 200,000 "," $101,200,000,000.00 ",3.3,4.66,1.8," 3,730,000.00 ",22.6," 3,450,000 ",78.92,0.9," 7,810,000,000.00 "," 262,400 "," 8,184,691 ",64.2,6021," 12,730,000,000.00 ",1.36,4.4
Romania,"237,500",10.7," $(3,631,000,000.00)",11.74,"57,500,000,000"," 56,530,000,000.00 "," $23,540,000,000.00 "," $171,500,000,000.00 "," $7,700.00 ",8.1," 198,755 "," $28,430,000,000.00 ",4,26.43,9.6," 4,000,000.00 ",23.3," 9,660,000 ",71.35,2.47," 18,500,000,000.00 "," 253,800 "," 22,329,977 ",23.6,11385," 16,210,000,000.00 ",1.36,6.3
New Zealand,"268,680",13.9," $(3,647,000,000.00)",7.53,"35,710,000,000"," 38,390,000,000.00 "," $19,850,000,000.00 "," $92,510,000,000.00 "," $23,200.00 ",4.8," 92,382 "," $19,770,000,000.00 ",5.9,5.85,2.4," 2,110,000.00 ",22.4," 2,050,000 ",78.66,1," 6,504,000,000.00 "," 132,700 "," 4,035,461 ",22.1,3898," 4,805,000,000.00 ",1.79,4.2
Poland,"312,685",10.78," $(3,831,000,000.00)",10.01,"117,400,000,000"," 133,800,000,000.00 "," $75,980,000,000.00 "," $463,000,000,000.00 "," $12,000.00 ",5.6," 364,697 "," $81,610,000,000.00 ",10,8.51,3.4," 8,970,000.00 ",18.4," 17,020,000 ",74.41,1.71," 13,850,000,000.00 "," 424,100 "," 38,635,144 ",49.9,23852," 41,880,000,000.00 ",1.39,19.5
Mexico,"1,972,550",21.01," $(4,113,000,000.00)",4.73,"189,700,000,000"," 203,600,000,000.00 "," $182,400,000,000.00 "," $1,006,000,000,000.00 "," $9,600.00 ",4.1," 329,532 "," $190,800,000,000.00 ",3.8,20.91,5.4," 10,033,000.00 ",19.4," 34,730,000 ",75.19,0.9," 55,100,000,000.00 "," 1,752,000 "," 106,202,903 ",23.5,19510," 60,670,000,000.00 ",2.45,3.2
Czech Republic,"78,866",9.07," $(5,730,000,000.00)",10.54,"55,330,000,000"," 71,750,000,000.00 "," $66,510,000,000.00 "," $172,200,000,000.00 "," $16,800.00 ",3.7," 127,204 "," $68,190,000,000.00 ",4.7,3.93,3.2," 2,700,000.00 ",29," 5,250,000 ",76.02,2.02," 9,892,000,000.00 "," 175,700 "," 10,241,138 ",33.5,9520," 32,780,000,000.00 ",1.2,10.6
Hungary,"93,030",9.76," $(7,941,000,000.00)",13.19,"35,990,000,000"," 34,070,000,000.00 "," $54,620,000,000.00 "," $149,300,000,000.00 "," $14,900.00 ",3.9," 159,568 "," $58,680,000,000.00 ",9.6,8.57,7," 1,600,000.00 ",22.8," 4,170,000 ",72.4,1.75," 13,370,000,000.00 "," 140,700 "," 10,006,835 ",58.3,7937," 14,800,000,000.00 ",1.32,5.9
Greece,"131,940",9.72," $(8,000,000,000.00)",10.15,"47,420,000,000"," 47,220,000,000.00 "," $15,500,000,000.00 "," $226,400,000,000.00 "," $21,300.00 ",3.7," 117,000 "," $54,280,000,000.00 ",4.1,5.53,2.9," 1,718,400.00 ",27," 4,400,000 ",79.09,4.3," 2,021,000,000.00 "," 405,700 "," 10,668,354 ",112,2571," 7,300,000,000.00 ",1.33,10
Portugal,"92,391",10.82," $(8,120,000,000.00)",10.43,"42,150,000,000"," 43,280,000,000.00 "," $37,680,000,000.00 "," $188,700,000,000.00 "," $17,900.00 ",1.1," 17,135 "," $52,100,000,000.00 ",1.1,5.05,2.1," 3,600,000.00 ",22.3," 5,480,000 ",77.53,2.3," 2,542,000,000.00 "," 339,800 "," 10,566,212 ",61.5,2850," 12,300,000,000.00 ",1.47,6.5
Turkey,"780,580",16.83," $(15,300,000,000.00)",5.96,"117,900,000,000"," 139,700,000,000.00 "," $69,460,000,000.00 "," $508,700,000,000.00 "," $7,400.00 ",8.2," 354,421 "," $94,500,000,000.00 ",16.5,41.04,9.3," 5,500,000.00 ",17.3," 25,300,000 ",72.36,5.3," 15,940,000,000.00 "," 619,500 "," 69,660,559 ",74.3,8671," 37,100,000,000.00 ",1.94,9.3
Italy,"301,230",8.89," $(21,100,000,000.00)",10.3,"293,900,000,000"," 261,600,000,000.00 "," $336,400,000,000.00 "," $1,609,000,000,000.00 "," $27,700.00 ",1.3," 479,688 "," $329,300,000,000.00 ",0.7,5.94,2.3," 18,500,000.00 ",19.3," 24,270,000 ",79.68,1.8," 71,180,000,000.00 "," 1,866,000 "," 58,103,033 ",105.6,19507," 61,500,000,000.00 ",1.28,8.6
Spain,"504,782",10.1," $(30,890,000,000.00)",9.63,"218,400,000,000"," 229,000,000,000.00 "," $172,500,000,000.00 "," $937,600,000,000.00 "," $23,300.00 ",2.6," 664,852 "," $222,000,000,000.00 ",3,4.42,3.2," 9,789,000.00 ",25.4," 19,330,000 ",79.52,1.2," 17,960,000,000.00 "," 1,497,000 "," 40,341,462 ",53.2,14268," 19,700,000,000.00 ",1.28,10.4
United Kingdom,"244,820",10.78," $(33,460,000,000.00)",10.18,"337,400,000,000"," 395,900,000,000.00 "," $347,200,000,000.00 "," $1,782,000,000,000.00 "," $29,600.00 ",3.2," 392,931 "," $439,400,000,000.00 ",0.9,5.16,1.4," 25,000,000.00 ",16.2," 29,780,000 ",78.38,2.4," 92,850,000,000.00 "," 1,692,000 "," 60,441,457 ",39.6,17186," 48,730,000,000.00 ",1.66,4.8
Australia,"7,686,850",12.26," $(38,300,000,000.00)",7.44,"195,600,000,000"," 210,300,000,000.00 "," $86,890,000,000.00 "," $611,700,000,000.00 "," $30,700.00 ",3.5," 811,603 "," $98,100,000,000.00 ",1.9,4.69,2.3," 9,472,000.00 ",25.3," 10,350,000 ",80.39,2.7," 23,330,000,000.00 "," 796,500 "," 20,090,437 ",17.4,43802," 35,140,000,000.00 ",1.76,5.1
United States,"9,631,418",14.14," $(646,500,000,000.00)",8.25,"3,660,000,000,000"," 3,839,000,000,000.00 "," $795,000,000,000.00 "," $11,750,000,000,000.00 "," $40,100.00 ",4.4," 6,393,603 "," $1,476,000,000,000.00 ",4.4,6.5,2.5," 159,000,000.00 ",15.7," 147,400,000 ",77.71,3.3," 640,900,000,000.00 "," 19,650,000 "," 295,734,134 ",65,228464," 85,940,000,000.00 ",2.08,5.5
